account,password
nstute0,btznBQOrXwiK
idunwoody1,plZ2dlbyQdCx
kandri2,q4w61O
fickovici3,v7GCU1a
sroycroft4,RX35Gg0Iozj
lmccluney5,tPZci9rfT5X
aziemsen6,YgRYLPq7kE
ajobbins7,LaEbt47u
enorwell8,kqIf3LfVF
amoizer9,PyQjHOav
asteelsa,S9Y5FxWNEDQ
evittoreb,E66OUVaSCr
sbernhardc,8ZzH3hHl
ibarusd,VMtXjg
llavisse,C8gCdDROF
tkorousf,y0P9Iq
sballstong,EA00am4
cstockyh,DPfgLcg27
hharlowi,nz5V1H
lpessoldj,yuuXuJJ6
alambdink,XxsOezHtL59
jmeakel,Ff7vXnH51gX
kpinsonm,4aIZcPDz
obalchinn,8SPiyifinPXc
gsarsfieldo,jFyfTjuXKXRf
gandreyp,zHQ2Ki
epetcheq,o6hqKHqU
dedmondsr,5sQiMDQe
ltodeos,HHGkI4vLWXac
mreichhardtt,4vi0jQ37D
gstanawayu,zcK97iOO
mconnerryv,8qNXe00ktxq
fblinckow,80mNrsiYZ7e
bsabaterx,b3nG8T
jwardelly,BZVCE0P3Qh
yhaversz,1jMe23jNj0GC
mbaldacchi10,QfzlON
lpionter11,02NSxuqrNi
jmacduffie12,c2MIbGs
rlammerding13,UQpjAno4wAE
kdyke14,Wkb5WgHp
nbradbury15,au1RyvlIhw
khandasyde16,6iwfKtNzLxI
mbirchall17,ElBKY5SkMvg
mgouldeby18,edPDsA6h3
pbeldan19,Vqi2ThqUP
adehm1a,Uteiqw
crubin1b,VT8SoGu
ktrehearne1c,tiP2sIdF
mworks1d,z6BPxBK5war
mmitkcov1e,Jm0Sav
evicker1f,hhloeeNu
vbritian1g,ef62THGJUJMO
rwhether1h,yFHO3sR8XaD
hskiggs1i,1MaM4nOSOZT
amcmanamen1j,x0LSalEy39x
amullaly1k,vLlJynXvOtQ9
mflorentine1l,AN8nKvEdj2
khrihorovich1m,pNJ1uQ9BZM1F
dcheverell1n,y1qhgFEv
bcarus1o,GgeutKBz1pwh
swathell1p,rBuRls3Sa
odjurisic1q,ADZTnr2pLGxD
hrowthorne1r,Y9tVlAS
pdoud1s,GtpWSnZv
rdebenedictis1t,YbwfOrk41
hkilleen1u,zltLQXWvIX
pfigiovanni1v,46J5xiT0
jnickell1w,a1O1fbmMyb
cmerryfield1x,BXJFWvp
eimlin1y,ZD3TqVIBsCl5
jismirnioglou1z,3ULLWiML
bmower20,qeJ1GstL5at
smcboyle21,A56sg1mUuuj
gpigne22,yOlXjkE
mmcloughlin23,sbvt2m
hsirl24,UbwxfvO
fbracer25,f8NLH9UrDriC
lceaplen26,nRs1ttLUG
eneill27,WfcwWz8
lpennaman28,hzjfFmjzePI
pimlin29,O1VvW2Is
ctomsett2a,0sYUyQe61B2
cmccarlie2b,coFNFhi6
wbaffin2c,6A1KOQwyBwc
fdykas2d,Eii7c5f8Fi
dcaplan2e,lZWZIq
rkroll2f,hvkvRB
ihanster2g,tPbhpelJmICv
larbuckle2h,2ZuIlP97L
pspincks2i,O7ej11p
sbickerstaffe2j,t2i63ljR5kp
hmeddemmen2k,4sbxOdxA
mduester2l,GNwwiedLSqCP
kweich2m,ItjBvUiKj
cmagovern2n,ed54RL
jaingel2o,RLxAEYw
ckas2p,wbwGJctRq
pbowne2q,DgZxuL0NTwTX
gchavrin2r,pfpoNmYHz3iM
